ranking_number,movie_title, year, time_stamp
1,Glass Onion: A Knives Out Mystery,2022,04.01.2023
2,Avatar: The Way of Water,2022,04.01.2023
3,Knives Out,2019,04.01.2023
4,Babylon,2022,04.01.2023
5,Avatar,2009,04.01.2023
6,The Banshees of Inisherin,2022,04.01.2023
7,A Christmas Story,1983,04.01.2023
8,Roald Dahl's Matilda the Musical,2022,04.01.2023
9,Violent Night,2022,04.01.2023
10,Top Gun: Maverick,2022,04.01.2023
11,Bullet Train,2022,04.01.2023
12,Love Actually,2003,04.01.2023
13,A Christmas Story Christmas,2022,04.01.2023
14,Strange World,2022,04.01.2023
15,Home Alone,1990,04.01.2023
16,It's a Wonderful Life,1946,04.01.2023
17,National Lampoon's Christmas Vacation,1989,04.01.2023
18,Guillermo del Toro's Pinocchio,2022,04.01.2023
19,White Noise,2022,04.01.2023
20,The Fabelmans,2022,04.01.2023
21,Spirited,2022,04.01.2023
22,Puss in Boots: The Last Wish,2022,04.01.2023
23,Everything Everywhere All at Once,2022,04.01.2023
24,Knock at the Cabin,2023,04.01.2023
25,The Whale,2022,04.01.2023
26,Amsterdam,2022,04.01.2023
27,A Man Called Otto,2022,04.01.2023
28,Black Adam,2022,04.01.2023
29,Top Gun,1986,04.01.2023
30,X,2022,04.01.2023
31,The Invitation,2022,04.01.2023
32,Die Hard,1988,04.01.2023
33,How the Grinch Stole Christmas,2000,04.01.2023
34,The Menu,2022,04.01.2023
35,M3GAN,2022,04.01.2023
36,Oppenheimer,2023,04.01.2023
37,White Christmas,1954,04.01.2023
38,Elf,2003,04.01.2023
39,Triangle of Sadness,2022,04.01.2023
40,Whitney Houston: I Wanna Dance with Somebody,2022,04.01.2023
41,Home Alone 2: Lost in New York,1992,04.01.2023
42,Black Panther: Wakanda Forever,2022,04.01.2023
43,The Boy, the Mole, the Fox and the Horse,2022,04.01.2023
44,The Batman,2022,04.01.2023
45,Barbarian,2022,04.01.2023
46,Don't Worry Darling,2022,04.01.2023
47,Bones and All,2022,04.01.2023
48,The Polar Express,2004,04.01.2023
49,Willow,1988,04.01.2023
50,Matilda,1996,04.01.2023
51,Smile,2022,04.01.2023
52,Scrooged,1988,04.01.2023
53,Nope,2022,04.01.2023
54,The Holiday,2006,04.01.2023
55,The Northman,2022,04.01.2023
56,Harry Potter and the Sorcerer's Stone,2001,04.01.2023
57,Aftersun,2022,04.01.2023
58,All Quiet on the Western Front,2022,04.01.2023
59,The Godfather,1972,04.01.2023
60,Klaus,2019,04.01.2023
61,Barbie,2023,04.01.2023
62,The Santa Clause,1994,04.01.2023
63,Tár,2022,04.01.2023
64,The Addams Family,1991,04.01.2023
65,The Grinch,2018,04.01.2023
66,Cirkus,2022,04.01.2023
67,The Pale Blue Eye,2022,04.01.2023
68,Where the Crawdads Sing,2022,04.01.2023
69,Emancipation,2022,04.01.2023
70,Ticket to Paradise,2022,04.01.2023
71,Miracle on 34th Street,1994,04.01.2023
72,Death on the Nile,2022,04.01.2023
73,Elvis,2022,04.01.2023
74,The Gray Man,2022,04.01.2023
75,Zoolander,2001,04.01.2023
76,Encanto,2021,04.01.2023
77,Emily the Criminal,2022,04.01.2023
78,Lady Chatterley's Lover,2022,04.01.2023
79,Fantastic Beasts: The Secrets of Dumbledore,2022,04.01.2023
80,Women Talking,2022,04.01.2023
81,After Ever Happy,2022,04.01.2023
82,See How They Run,2022,04.01.2023
83,1917,2019,04.01.2023
84,The Fallout,2021,04.01.2023
85,The Woman King,2022,04.01.2023
86,7 Women and a Murder,2021,04.01.2023
87,Pearl,2022,04.01.2023
88,Falling for Christmas,2022,04.01.2023
89,Prisoners,2013,04.01.2023
90,The Muppet Christmas Carol,1992,04.01.2023
91,Avatar 3,2024,04.01.2023
92,The Shawshank Redemption,1994,04.01.2023
93,About Fate,2022,04.01.2023
94,Thor: Love and Thunder,2022,04.01.2023
95,The Lord of the Rings: The Fellowship of the Ring,2001,04.01.2023
96,The Goonies,1985,04.01.2023
97,No Time to Die,2021,04.01.2023
98,Interstellar,2014,04.01.2023
99,Dune,2021,04.01.2023
100,Last Christmas,2019,04.01.2023
1,Glass Onion,2022,08.01.2023
2,Avatar: The Way of Water,2022,08.01.2023
3,Knives Out,2019,08.01.2023
4,Babylon,2022,08.01.2023
5,Avatar,2009,08.01.2023
6,The Banshees of Inisherin,2022,08.01.2023
7,A Christmas Story,1983,08.01.2023
8,Roald Dahl's Matilda the Musical,2022,08.01.2023
9,Violent Night,2022,08.01.2023
10,Top Gun: Maverick,2022,08.01.2023
11,Bullet Train,2022,08.01.2023
12,Love Actually,2003,08.01.2023
13,A Christmas Story Christmas,2022,08.01.2023
14,Strange World,2022,08.01.2023
15,Home Alone,1990,08.01.2023
16,It's a Wonderful Life,1946,08.01.2023
17,National Lampoon's Christmas Vacation,1989,08.01.2023
18,Guillermo del Toro's Pinocchio,2022,08.01.2023
19,White Noise,2022,08.01.2023
20,The Fabelmans,2022,08.01.2023
21,Spirited,2022,08.01.2023
22,Puss in Boots: The Last Wish,2022,08.01.2023
23,Everything Everywhere All at Once,2022,08.01.2023
24,Knock at the Cabin,2023,08.01.2023
25,The Whale,2022,08.01.2023
26,Amsterdam,2022,08.01.2023
27,A Man Called Otto,2022,08.01.2023
28,Black Adam,2022,08.01.2023
29,Top Gun,1986,08.01.2023
30,X,2022,08.01.2023
31,The Invitation,2022,08.01.2023
32,Die Hard,1988,08.01.2023
33,How the Grinch Stole Christmas,2000,08.01.2023
34,The Menu,2022,08.01.2023
35,M3GAN,2022,08.01.2023
36,Oppenheimer,2023,08.01.2023
37,White Christmas,1954,08.01.2023
38,Elf,2003,08.01.2023
39,Triangle of Sadness,2022,08.01.2023
40,Whitney Houston: I Wanna Dance with Somebody,2022,08.01.2023
41,Home Alone 2: Lost in New York,1992,08.01.2023
42,Black Panther: Wakanda Forever,2022,08.01.2023
43,The Boy, the Mole, the Fox and the Horse,2022,08.01.2023
44,The Batman,2022,08.01.2023
45,Barbarian,2022,08.01.2023
46,Don't Worry Darling,2022,08.01.2023
47,Bones and All,2022,08.01.2023
48,The Polar Express,2004,08.01.2023
49,Willow,1988,08.01.2023
50,Matilda,1996,08.01.2023
51,Smile,2022,08.01.2023
52,Scrooged,1988,08.01.2023
53,Nope,2022,08.01.2023
54,The Holiday,2006,08.01.2023
55,The Northman,2022,08.01.2023
56,Harry Potter and the Sorcerer's Stone,2001,08.01.2023
57,Aftersun,2022,08.01.2023
58,All Quiet on the Western Front,2022,08.01.2023
59,The Godfather,1972,08.01.2023
60,Klaus,2019,08.01.2023
61,Barbie,2023,08.01.2023
62,The Santa Clause,1994,08.01.2023
63,Tár,2022,08.01.2023
64,The Addams Family,1991,08.01.2023
65,The Grinch,2018,08.01.2023
66,Cirkus,2022,08.01.2023
67,The Pale Blue Eye,2022,08.01.2023
68,Where the Crawdads Sing,2022,08.01.2023
69,Emancipation,2022,08.01.2023
70,Ticket to Paradise,2022,08.01.2023
71,Miracle on 34th Street,1994,08.01.2023
72,Death on the Nile,2022,08.01.2023
73,Elvis,2022,08.01.2023
74,The Gray Man,2022,08.01.2023
75,Zoolander,2001,08.01.2023
76,Encanto,2021,08.01.2023
77,Emily the Criminal,2022,08.01.2023
78,Lady Chatterley's Lover,2022,08.01.2023
79,Fantastic Beasts: The Secrets of Dumbledore,2022,08.01.2023
80,Women Talking,2022,08.01.2023
81,After Ever Happy,2022,08.01.2023
82,See How They Run,2022,08.01.2023
83,1917,2019,08.01.2023
84,The Fallout,2021,08.01.2023
85,The Woman King,2022,08.01.2023
86,7 Women and a Murder,2021,08.01.2023
87,Pearl,2022,08.01.2023
88,Falling for Christmas,2022,08.01.2023
89,Prisoners,2013,08.01.2023
90,The Muppet Christmas Carol,1992,08.01.2023
91,Avatar 3,2024,08.01.2023
92,The Shawshank Redemption,1994,08.01.2023
93,About Fate,2022,08.01.2023
94,Thor: Love and Thunder,2022,08.01.2023
95,The Lord of the Rings: The Fellowship of the Ring,2001,08.01.2023
96,The Goonies,1985,08.01.2023
97,No Time to Die,2021,08.01.2023
98,Interstellar,2014,08.01.2023
99,Dune,2021,08.01.2023
100,Last Christmas,2019,08.01.2023
1,Avatar: The Way of Water,2022,09.01.2023
2,Glass Onion,2022,09.01.2023
3,The Menu,2022,09.01.2023
4,White Noise,2022,09.01.2023
5,The Pale Blue Eye,2022,09.01.2023
6,Knives Out,2019,09.01.2023
7,Babylon,2022,09.01.2023
8,Evil Dead Rise,2023,09.01.2023
9,M3GAN,2022,09.01.2023
10,The Banshees of Inisherin,2022,09.01.2023
11,Avatar,2009,09.01.2023
12,A Man Called Otto,2022,09.01.2023
13,Bullet Train,2022,09.01.2023
14,Top Gun: Maverick,2022,09.01.2023
15,Puss in Boots: The Last Wish,2022,09.01.2023
16,Romeo and Juliet,1968,09.01.2023
17,Roald Dahl's Matilda the Musical,2022,09.01.2023
18,Everything Everywhere All at Once,2022,09.01.2023
19,The Whale,2022,09.01.2023
20,The Fabelmans,2022,09.01.2023
21,Amsterdam,2022,09.01.2023
22,X,2022,09.01.2023
23,Strange World,2022,09.01.2023
24,Renfield,2023,09.01.2023
25,Triangle of Sadness,2022,09.01.2023
26,Guillermo del Toro's Pinocchio,2022,09.01.2023
27,Violent Night,2022,09.01.2023
28,Black Adam,2022,09.01.2023
29,Top Gun,1986,09.01.2023
30,Girl in the Basement,2021,09.01.2023
31,Barbarian,2022,09.01.2023
32,Black Panther: Wakanda Forever,2022,09.01.2023
33,The Batman,2022,09.01.2023
34,Operation Fortune: Ruse de guerre,2023,09.01.2023
35,Whitney Houston: I Wanna Dance with Somebody,2022,09.01.2023
36,Aftersun,2022,09.01.2023
37,Don't Worry Darling,2022,09.01.2023
38,Oppenheimer,2023,09.01.2023
39,Tár,2022,09.01.2023
40,Barbie,2023,09.01.2023
41,Nope,2022,09.01.2023
42,Smile,2022,09.01.2023
43,The Northman,2022,09.01.2023
44,The Invitation,2022,09.01.2023
45,Willow,1988,09.01.2023
46,No Time to Die,2021,09.01.2023
47,Women Talking,2022,09.01.2023
48,Jurassic World: Dominion,2022,09.01.2023
49,The Godfather,1972,09.01.2023
50,Bones and All,2022,09.01.2023
51,Encanto,2021,09.01.2023
52,All Quiet on the Western Front,2022,09.01.2023
53,The Shawshank Redemption,1994,09.01.2023
54,Where the Crawdads Sing,2022,09.01.2023
55,Matilda,1996,09.01.2023
56,Harry Potter and the Sorcerer's Stone,2001,09.01.2023
57,Emily the Criminal,2022,09.01.2023
58,Knock at the Cabin,2023,09.01.2023
59,Interstellar,2014,09.01.2023
60,Love Actually,2003,09.01.2023
61,Pearl,2022,09.01.2023
62,The Black Phone,2021,09.01.2023
63,RRR,2022,09.01.2023
64,Indiana Jones and the Dial of Destiny,2023,09.01.2023
65,Elvis,2022,09.01.2023
66,See How They Run,2022,09.01.2023
67,Ticket to Paradise,2022,09.01.2023
68,Killers of the Flower Moon 68,146,09.01.2023
69,The Gray Man,2022,09.01.2023
70,Empire of Light,2022,09.01.2023
71,Dune,2021,09.01.2023
72,She Said,2022,09.01.2023
73,Titanic,1997,09.01.2023
74,Emancipation,2022,09.01.2023
75,This Place Rules,2022,09.01.2023
76,Zardoz,1974,09.01.2023
77,Fantastic Beasts: The Secrets of Dumbledore,2022,09.01.2023
78,Thor: Love and Thunder,2022,09.01.2023
79,Lady Chatterley's Lover,2022,09.01.2023
80,The Fallout,2021,09.01.2023
81,7 Women and a Murder,2021,09.01.2023
82,The Woman King,2022,09.01.2023
83,The Addams Family,1991,09.01.2023
84,Death on the Nile,2022,09.01.2023
85,Winnie-the-Pooh: Blood and Honey,2023,09.01.2023
86,Terrifier 2,2022,09.01.2023
87,The Super Mario Bros. Movie,2023,09.01.2023
88,80 for Brady,2023,09.01.2023
89,Spirited,2022,09.01.2023
90,Home Alone,1990,09.01.2023
91,Decision to Leave,2022,09.01.2023
92,Plane,2023,09.01.2023
93,The Wonder,2022,09.01.2023
94,Fall,2022,09.01.2023
95,Weird: The Al Yankovic Story,2022,09.01.2023
96,Zoolander,2001,09.01.2023
97,Once Upon a Time in Hollywood,2019,09.01.2023
98,The Lord of the Rings: The Fellowship of the Ring,2001,09.01.2023
99,New Year's Eve,2011,09.01.2023
100,Spider-Man: No Way Home,2021,09.01.2023
1,Avatar: The Way of Water,2022,11.01.2023
2,Glass Onion,2022,11.01.2023
3,The Menu,2022,11.01.2023
4,White Noise,2022,11.01.2023
5,The Pale Blue Eye,2022,11.01.2023
6,Knives Out,2019,11.01.2023
7,Babylon,2022,11.01.2023
8,Evil Dead Rise,2023,11.01.2023
9,M3GAN,2022,11.01.2023
10,The Banshees of Inisherin,2022,11.01.2023
11,Avatar,2009,11.01.2023
12,A Man Called Otto,2022,11.01.2023
13,Bullet Train,2022,11.01.2023
14,Top Gun: Maverick,2022,11.01.2023
15,Puss in Boots: The Last Wish,2022,11.01.2023
16,Romeo and Juliet,1968,11.01.2023
17,Roald Dahl's Matilda the Musical,2022,11.01.2023
18,Everything Everywhere All at Once,2022,11.01.2023
19,The Whale,2022,11.01.2023
20,The Fabelmans,2022,11.01.2023
21,Amsterdam,2022,11.01.2023
22,X,2022,11.01.2023
23,Strange World,2022,11.01.2023
24,Renfield,2023,11.01.2023
25,Triangle of Sadness,2022,11.01.2023
26,Guillermo del Toro's Pinocchio,2022,11.01.2023
27,Violent Night,2022,11.01.2023
28,Black Adam,2022,11.01.2023
29,Top Gun,1986,11.01.2023
30,Girl in the Basement,2021,11.01.2023
31,Barbarian,2022,11.01.2023
32,Black Panther: Wakanda Forever,2022,11.01.2023
33,The Batman,2022,11.01.2023
34,Operation Fortune: Ruse de guerre,2023,11.01.2023
35,Whitney Houston: I Wanna Dance with Somebody,2022,11.01.2023
36,Aftersun,2022,11.01.2023
37,Don't Worry Darling,2022,11.01.2023
38,Oppenheimer,2023,11.01.2023
39,Tár,2022,11.01.2023
40,Barbie,2023,11.01.2023
41,Nope,2022,11.01.2023
42,Smile,2022,11.01.2023
43,The Northman,2022,11.01.2023
44,The Invitation,2022,11.01.2023
45,Willow,1988,11.01.2023
46,No Time to Die,2021,11.01.2023
47,Women Talking,2022,11.01.2023
48,Jurassic World: Dominion,2022,11.01.2023
49,The Godfather,1972,11.01.2023
50,Bones and All,2022,11.01.2023
51,Encanto,2021,11.01.2023
52,All Quiet on the Western Front,2022,11.01.2023
53,The Shawshank Redemption,1994,11.01.2023
54,Where the Crawdads Sing,2022,11.01.2023
55,Matilda,1996,11.01.2023
56,Harry Potter and the Sorcerer's Stone,2001,11.01.2023
57,Emily the Criminal,2022,11.01.2023
58,Knock at the Cabin,2023,11.01.2023
59,Interstellar,2014,11.01.2023
60,Love Actually,2003,11.01.2023
61,Pearl,2022,11.01.2023
62,The Black Phone,2021,11.01.2023
63,RRR,2022,11.01.2023
64,Indiana Jones and the Dial of Destiny,2023,11.01.2023
65,Elvis,2022,11.01.2023
66,See How They Run,2022,11.01.2023
67,Ticket to Paradise,2022,11.01.2023
68,Killers of the Flower Moon 68,146,11.01.2023
69,The Gray Man,2022,11.01.2023
70,Empire of Light,2022,11.01.2023
71,Dune,2021,11.01.2023
72,She Said,2022,11.01.2023
73,Titanic,1997,11.01.2023
74,Emancipation,2022,11.01.2023
75,This Place Rules,2022,11.01.2023
76,Zardoz,1974,11.01.2023
77,Fantastic Beasts: The Secrets of Dumbledore,2022,11.01.2023
78,Thor: Love and Thunder,2022,11.01.2023
79,Lady Chatterley's Lover,2022,11.01.2023
80,The Fallout,2021,11.01.2023
81,7 Women and a Murder,2021,11.01.2023
82,The Woman King,2022,11.01.2023
83,The Addams Family,1991,11.01.2023
84,Death on the Nile,2022,11.01.2023
85,Winnie-the-Pooh: Blood and Honey,2023,11.01.2023
86,Terrifier 2,2022,11.01.2023
87,The Super Mario Bros. Movie,2023,11.01.2023
88,80 for Brady,2023,11.01.2023
89,Spirited,2022,11.01.2023
90,Home Alone,1990,11.01.2023
91,Decision to Leave,2022,11.01.2023
92,Plane,2023,11.01.2023
93,The Wonder,2022,11.01.2023
94,Fall,2022,11.01.2023
95,Weird: The Al Yankovic Story,2022,11.01.2023
96,Zoolander,2001,11.01.2023
97,Once Upon a Time in Hollywood,2019,11.01.2023
98,The Lord of the Rings: The Fellowship of the Ring,2001,11.01.2023
99,New Year's Eve,2011,11.01.2023
100,Spider-Man: No Way Home,2021,11.01.2023
1,Avatar: The Way of Water,2022,12.01.2023
2,Glass Onion,2022,12.01.2023
3,The Menu,2022,12.01.2023
4,White Noise,2022,12.01.2023
5,The Pale Blue Eye,2022,12.01.2023
6,Knives Out,2019,12.01.2023
7,Babylon,2022,12.01.2023
8,Evil Dead Rise,2023,12.01.2023
9,M3GAN,2022,12.01.2023
10,The Banshees of Inisherin,2022,12.01.2023
11,Avatar,2009,12.01.2023
12,A Man Called Otto,2022,12.01.2023
13,Bullet Train,2022,12.01.2023
14,Top Gun: Maverick,2022,12.01.2023
15,Puss in Boots: The Last Wish,2022,12.01.2023
16,Romeo and Juliet,1968,12.01.2023
17,Roald Dahl's Matilda the Musical,2022,12.01.2023
18,Everything Everywhere All at Once,2022,12.01.2023
19,The Whale,2022,12.01.2023
20,The Fabelmans,2022,12.01.2023
21,Amsterdam,2022,12.01.2023
22,X,2022,12.01.2023
23,Strange World,2022,12.01.2023
24,Renfield,2023,12.01.2023
25,Triangle of Sadness,2022,12.01.2023
26,Guillermo del Toro's Pinocchio,2022,12.01.2023
27,Violent Night,2022,12.01.2023
28,Black Adam,2022,12.01.2023
29,Top Gun,1986,12.01.2023
30,Girl in the Basement,2021,12.01.2023
31,Barbarian,2022,12.01.2023
32,Black Panther: Wakanda Forever,2022,12.01.2023
33,The Batman,2022,12.01.2023
34,Operation Fortune: Ruse de guerre,2023,12.01.2023
35,Whitney Houston: I Wanna Dance with Somebody,2022,12.01.2023
36,Aftersun,2022,12.01.2023
37,Don't Worry Darling,2022,12.01.2023
38,Oppenheimer,2023,12.01.2023
39,Tár,2022,12.01.2023
40,Barbie,2023,12.01.2023
41,Nope,2022,12.01.2023
42,Smile,2022,12.01.2023
43,The Northman,2022,12.01.2023
44,The Invitation,2022,12.01.2023
45,Willow,1988,12.01.2023
46,No Time to Die,2021,12.01.2023
47,Women Talking,2022,12.01.2023
48,Jurassic World: Dominion,2022,12.01.2023
49,The Godfather,1972,12.01.2023
50,Bones and All,2022,12.01.2023
51,Encanto,2021,12.01.2023
52,All Quiet on the Western Front,2022,12.01.2023
53,The Shawshank Redemption,1994,12.01.2023
54,Where the Crawdads Sing,2022,12.01.2023
55,Matilda,1996,12.01.2023
56,Harry Potter and the Sorcerer's Stone,2001,12.01.2023
57,Emily the Criminal,2022,12.01.2023
58,Knock at the Cabin,2023,12.01.2023
59,Interstellar,2014,12.01.2023
60,Love Actually,2003,12.01.2023
61,Pearl,2022,12.01.2023
62,The Black Phone,2021,12.01.2023
63,RRR,2022,12.01.2023
64,Indiana Jones and the Dial of Destiny,2023,12.01.2023
65,Elvis,2022,12.01.2023
66,See How They Run,2022,12.01.2023
67,Ticket to Paradise,2022,12.01.2023
68,Killers of the Flower Moon 68,146,12.01.2023
69,The Gray Man,2022,12.01.2023
70,Empire of Light,2022,12.01.2023
71,Dune,2021,12.01.2023
72,She Said,2022,12.01.2023
73,Titanic,1997,12.01.2023
74,Emancipation,2022,12.01.2023
75,This Place Rules,2022,12.01.2023
76,Zardoz,1974,12.01.2023
77,Fantastic Beasts: The Secrets of Dumbledore,2022,12.01.2023
78,Thor: Love and Thunder,2022,12.01.2023
79,Lady Chatterley's Lover,2022,12.01.2023
80,The Fallout,2021,12.01.2023
81,7 Women and a Murder,2021,12.01.2023
82,The Woman King,2022,12.01.2023
83,The Addams Family,1991,12.01.2023
84,Death on the Nile,2022,12.01.2023
85,Winnie-the-Pooh: Blood and Honey,2023,12.01.2023
86,Terrifier 2,2022,12.01.2023
87,The Super Mario Bros. Movie,2023,12.01.2023
88,80 for Brady,2023,12.01.2023
89,Spirited,2022,12.01.2023
90,Home Alone,1990,12.01.2023
91,Decision to Leave,2022,12.01.2023
92,Plane,2023,12.01.2023
93,The Wonder,2022,12.01.2023
94,Fall,2022,12.01.2023
95,Weird: The Al Yankovic Story,2022,12.01.2023
96,Zoolander,2001,12.01.2023
97,Once Upon a Time in Hollywood,2019,12.01.2023
98,The Lord of the Rings: The Fellowship of the Ring,2001,12.01.2023
99,New Year's Eve,2011,12.01.2023
100,Spider-Man: No Way Home,2021,12.01.2023
